word,sentence1,sentence2,same,ambiguity_type,mean_relatedness,distance_bert,distance_elmo
act,It was a desperate act.,It was a magic act.,False,Polysemy,2.181818182,0.204110265,0.034093499
act,It was a desperate act.,It was a comedic act.,False,Polysemy,2.0,0.215615511,0.045926571
act,It was a humane act.,It was a magic act.,False,Polysemy,2.818181818,0.191488087,0.042350948
act,It was a humane act.,It was a comedic act.,False,Polysemy,2.80952381,0.225271583,0.05770725
act,It was a desperate act.,It was a humane act.,True,Polysemy,3.9,0.167989969,0.041440308
act,It was a magic act.,It was a comedic act.,True,Polysemy,3.764705882,0.162387192,0.035784066
appeal,He had a universal appeal.,He had a legal appeal.,False,Polysemy,1.571428571,0.370739162,0.108166337
appeal,He had a universal appeal.,He had a pending appeal.,False,Polysemy,1.0,0.430851221,0.150558531
appeal,He had an undefinable appeal.,He had a legal appeal.,False,Polysemy,1.235294118,0.398581862,0.13264215
appeal,He had an undefinable appeal.,He had a pending appeal.,False,Polysemy,0.714285714,0.4461236,0.182452857
appeal,He had a universal appeal.,He had an undefinable appeal.,True,Polysemy,3.7,0.120313466,0.045355678
appeal,He had a legal appeal.,He had a pending appeal.,True,Polysemy,3.272727273,0.098901391,0.060672343
atmosphere,It was a tense atmosphere.,It was a gaseous atmosphere.,False,Polysemy,1.214285714,0.352736831,0.102721155
atmosphere,It was a tense atmosphere.,It was a polluted atmosphere.,False,Polysemy,1.846153846,0.256296635,0.068193078
atmosphere,It was a hostile atmosphere.,It was a gaseous atmosphere.,False,Polysemy,1.538461538,0.252422631,0.092967808
atmosphere,It was a hostile atmosphere.,It was a polluted atmosphere.,False,Polysemy,2.181818182,0.126936376,0.052345157
atmosphere,It was a tense atmosphere.,It was a hostile atmosphere.,True,Polysemy,4.0,0.129758179,0.037254393
atmosphere,It was a gaseous atmosphere.,It was a polluted atmosphere.,True,Polysemy,3.466666667,0.199588358,0.037874043
bail,He bailed out the prisoner.,He bailed out the water.,False,Homonymy,0.894736842,0.294229746,0.079534769
bail,He bailed out the prisoner.,He bailed out the liquid.,False,Homonymy,0.666666667,0.287322104,0.099640667
bail,He bailed out the defendant.,He bailed out the water.,False,Homonymy,0.75,0.443184912,0.110985637
bail,He bailed out the defendant.,He bailed out the liquid.,False,Homonymy,0.764705882,0.42926693,0.120074809
bail,He bailed out the prisoner.,He bailed out the defendant.,True,Homonymy,3.083333333,0.140995204,0.084383667
bail,He bailed out the water.,He bailed out the liquid.,True,Homonymy,3.083333333,0.126403391,0.065280318
band,It was a gold band.,It was a jazz band.,False,Homonymy,0.2,0.449524701,0.073461235
band,It was a gold band.,It was a country band.,False,Homonymy,0.384615385,0.455853581,0.076260746
band,It was a rubber band.,It was a jazz band.,False,Homonymy,0.333333333,0.482806385,0.080441296
band,It was a rubber band.,It was a country band.,False,Homonymy,0.1,0.484228253,0.089959681
band,It was a gold band.,It was a rubber band.,True,Homonymy,2.526315789,0.250876188,0.045372784
band,It was a jazz band.,It was a country band.,True,Homonymy,4.0,0.091263115,0.034426391
bank,He banked the plane.,He banked the money.,False,Homonymy,1.0,0.323924422,0.132879496
bank,He banked the plane.,He banked the cash.,False,Homonymy,0.733333333,0.273554802,0.136303425
bank,He banked the helicopter.,He banked the money.,False,Homonymy,0.6,0.350970745,0.146282852
bank,He banked the helicopter.,He banked the cash.,False,Homonymy,1.375,0.298910558,0.146447778
bank,He banked the plane.,He banked the helicopter.,True,Homonymy,3.333333333,0.052691579,0.030866385
bank,He banked the money.,He banked the cash.,True,Homonymy,3.533333333,0.071297884,0.015070319
barrier,There was a police barrier.,There was a language barrier.,False,Polysemy,1.333333333,0.270082295,0.092094541
barrier,There was a police barrier.,There was a religious barrier.,False,Polysemy,1.266666667,0.224227011,0.076318026
barrier,There was a concrete barrier.,There was a language barrier.,False,Polysemy,1.692307692,0.247155786,0.07921809
barrier,There was a concrete barrier.,There was a religious barrier.,False,Polysemy,1.727272727,0.197422087,0.060512066
barrier,There was a police barrier.,There was a concrete barrier.,True,Polysemy,2.923076923,0.11560303,0.063831151
barrier,There was a language barrier.,There was a religious barrier.,True,Polysemy,3.538461538,0.136045516,0.056087494
bat,He saw a furry bat.,He saw a wooden bat.,False,Homonymy,0.0,0.141213,0.037469864
bat,He saw a furry bat.,He saw a baseball bat.,False,Homonymy,0.5,0.220161021,0.048564672
bat,He saw a fruit bat.,He saw a wooden bat.,False,Homonymy,0.2,0.199045181,0.049907684
bat,He saw a fruit bat.,He saw a baseball bat.,False,Homonymy,0.083333333,0.269888878,0.064392745
bat,He saw a furry bat.,He saw a fruit bat.,True,Homonymy,3.55,0.117426872,0.030932486
bat,He saw a wooden bat.,He saw a baseball bat.,True,Homonymy,3.545454545,0.098202467,0.045940161
beam,He saw the laser beam.,He saw the wood beam.,False,Polysemy,1.142857143,0.312720001,0.051152468
beam,He saw the laser beam.,He saw the balance beam.,False,Polysemy,0.833333333,0.334815323,0.102861106
beam,He saw the bright beam.,He saw the wood beam.,False,Polysemy,0.555555556,0.237403274,0.073608041
beam,He saw the bright beam.,He saw the balance beam.,False,Polysemy,0.363636364,0.323186874,0.126451135
beam,He saw the laser beam.,He saw the bright beam.,True,Polysemy,3.545454545,0.14106673,0.063059807
beam,He saw the wood beam.,He saw the balance beam.,True,Polysemy,2.6,0.259652674,0.094416857
block,She had a toy block.,She had a mental block.,False,Polysemy,0.538461538,0.344962478,0.126269341
block,She had a toy block.,She had a writer's block.,False,Polysemy,0.133333333,0.74992314,0.089277864
block,She had a wooden block.,She had a mental block.,False,Polysemy,1.0,0.424544752,0.171375155
block,She had a wooden block.,She had a writer's block.,False,Polysemy,0.2,0.747714102,0.135741949
block,She had a toy block.,She had a wooden block.,True,Polysemy,3.8,0.149741769,0.077775836
block,She had a mental block.,She had a writer's block.,True,Polysemy,3.181818182,0.681398749,0.116603911
blood,He has coagulated blood.,He has noble blood.,False,Polysemy,1.6,0.421955585,0.150418937
blood,He has coagulated blood.,He has royal blood.,False,Polysemy,2.5,0.407098174,0.148918033
blood,He has thin blood.,He has noble blood.,False,Polysemy,2.222222222,0.315900445,0.075837672
blood,He has thin blood.,He has royal blood.,False,Polysemy,2.214285714,0.343109667,0.086559355
blood,He has coagulated blood.,He has thin blood.,True,Polysemy,3.631578947,0.238283217,0.115974247
blood,He has noble blood.,He has royal blood.,True,Polysemy,3.583333333,0.078508019,0.045944512
board,It was the ironing board.,It was the executive board.,False,Polysemy,0.066666667,0.376005471,0.122809231
board,It was the ironing board.,It was the school board.,False,Polysemy,0.416666667,0.306866348,0.126246154
board,It was the wooden board.,It was the executive board.,False,Polysemy,0.25,0.420134366,0.10416615
board,It was the wooden board.,It was the school board.,False,Polysemy,0.6,0.322381914,0.12045747
board,It was the ironing board.,It was the wooden board.,True,Polysemy,2.625,0.18104279,0.074928045
board,It was the executive board.,It was the school board.,True,Polysemy,3.666666667,0.236396194,0.067143738
book,He had a best-selling book.,He had a heavy book.,False,Polysemy,3.692307692,0.570299804,0.085380137
book,He had a best-selling book.,He had a leather-bound book.,False,Polysemy,3.357142857,0.269021332,0.070268571
book,He had a popular book.,He had a heavy book.,False,Polysemy,4.0,0.216969311,0.091368973
book,He had a popular book.,He had a leather-bound book.,False,Polysemy,3.818181818,0.615868211,0.103061438
book,He had a best-selling book.,He had a popular book.,True,Polysemy,4.0,0.498813987,0.04464519
book,He had a heavy book.,He had a leather-bound book.,True,Polysemy,3.75,0.516257912,0.095530927
break,He broke the glass.,He broke the law.,False,Polysemy,1.733333333,0.357050598,0.126903534
break,He broke the glass.,He broke the promise.,False,Polysemy,2.357142857,0.405449092,0.115515828
break,He broke the dish.,He broke the law.,False,Polysemy,2.3,0.427916944,0.191336215
break,He broke the dish.,He broke the promise.,False,Polysemy,2.3,0.477100194,0.155141354
break,He broke the glass.,He broke the dish.,True,Polysemy,4.0,0.132749021,0.09671092
break,He broke the law.,He broke the promise.,True,Polysemy,3.692307692,0.33742106,0.082362115
breakfast,They ate a pancake breakfast.,They ate a family breakfast.,False,Polysemy,3.785714286,0.067232728,0.018507063
breakfast,They ate a pancake breakfast.,They ate a lonely breakfast.,False,Polysemy,3.941176471,0.121421158,0.046943903
breakfast,They ate a nutritious breakfast.,They ate a family breakfast.,False,Polysemy,3.666666667,0.09598124,0.047627091
breakfast,They ate a nutritious breakfast.,They ate a lonely breakfast.,False,Polysemy,3.333333333,0.055151522,0.046446443
breakfast,They ate a pancake breakfast.,They ate a nutritious breakfast.,True,Polysemy,4.0,0.092728674,0.054914415
breakfast,They ate a family breakfast.,They ate a lonely breakfast.,True,Polysemy,3.8,0.090344608,0.033118784
call,They called the landlord.,They called the loan.,False,Polysemy,1.222222222,0.267129362,0.121238768
call,They called the landlord.,They called the debt.,False,Polysemy,1.3,0.379179537,0.13010782
call,They called the police.,They called the loan.,False,Polysemy,1.357142857,0.341154635,0.263126612
call,They called the police.,They called the debt.,False,Polysemy,1.0,0.464733362,0.304124057
call,They called the landlord.,They called the police.,True,Polysemy,3.866666667,0.191510439,0.170996845
call,They called the loan.,They called the debt.,True,Polysemy,3.076923077,0.148041427,0.068140984
cape,It was a red cape.,It was a rocky cape.,False,Homonymy,0.090909091,0.281921923,0.080481112
cape,It was a red cape.,It was an island cape.,False,Homonymy,0.181818182,0.380894959,0.073402226
cape,It was a flowing cape.,It was a rocky cape.,False,Homonymy,1.0,0.272568762,0.072089553
cape,It was a flowing cape.,It was an island cape.,False,Homonymy,0.428571429,0.364672005,0.081994772
cape,It was a red cape.,It was a flowing cape.,True,Homonymy,3.266666667,0.081663668,0.065949082
cape,It was a rocky cape.,It was an island cape.,True,Homonymy,2.866666667,0.092699349,0.054765403
case,It was a beer case.,It was a divorce case.,False,Homonymy,0.166666667,0.45721215,0.069611669
case,It was a beer case.,It was a criminal case.,False,Homonymy,0.4,0.469730914,0.093788862
case,It was a display case.,It was a divorce case.,False,Homonymy,0.25,0.49239856,0.092166007
case,It was a display case.,It was a criminal case.,False,Homonymy,0.363636364,0.471332073,0.091340482
case,It was a beer case.,It was a display case.,True,Homonymy,1.75,0.209219635,0.053949893
case,It was a divorce case.,It was a criminal case.,True,Homonymy,3.928571429,0.138578296,0.065858305
cast,She cast a shadow.,She cast a spear.,False,Polysemy,0.909090909,0.222672522,0.137296617
cast,She cast a shadow.,She cast a stone.,False,Polysemy,1.142857143,0.194877267,0.14134413
cast,She cast a glow.,She cast a spear.,False,Polysemy,1.461538462,0.262479603,0.146176755
cast,She cast a glow.,She cast a stone.,False,Polysemy,0.941176471,0.268744171,0.148141026
cast,She cast a shadow.,She cast a glow.,True,Polysemy,3.285714286,0.15237397,0.058177471
cast,She cast a spear.,She cast a stone.,True,Polysemy,3.2,0.166104376,0.054468334
cause,It was a worthy cause.,It was a main cause.,False,Polysemy,2.272727273,0.331558168,0.123266876
cause,It was a worthy cause.,It was a primary cause.,False,Polysemy,2.352941176,0.408631563,0.12228179
cause,It was a political cause.,It was a main cause.,False,Polysemy,2.5,0.297854483,0.101985812
cause,It was a political cause.,It was a primary cause.,False,Polysemy,2.071428571,0.401752174,0.095640481
cause,It was a worthy cause.,It was a political cause.,True,Polysemy,3.461538462,0.155668616,0.081602454
cause,It was a main cause.,It was a primary cause.,True,Polysemy,4.0,0.063994706,0.017945051
cell,It was a skin cell.,It was a prison cell.,False,Polysemy,0.2,0.370926499,0.16009587
cell,It was a skin cell.,It was a jail cell.,False,Polysemy,0.428571429,0.376195669,0.152398884
cell,It was a brain cell.,It was a prison cell.,False,Polysemy,0.272727273,0.429600775,0.125241637
cell,It was a brain cell.,It was a jail cell.,False,Polysemy,0.133333333,0.417385757,0.12647438
cell,It was a skin cell.,It was a brain cell.,True,Polysemy,3.947368421,0.169089794,0.058419585
cell,It was a prison cell.,It was a jail cell.,True,Polysemy,4.0,0.035871804,0.007160008
charm,She had a devilish charm.,She had a gold charm.,False,Polysemy,1.0,0.240996659,0.110680997
charm,She had a devilish charm.,She had a good-luck charm.,False,Polysemy,0.727272727,0.661765426,0.036620796
charm,She had a natural charm.,She had a gold charm.,False,Polysemy,0.588235294,0.244825065,0.154701471
charm,She had a natural charm.,She had a good-luck charm.,False,Polysemy,1.285714286,0.672413886,0.098940611
charm,She had a devilish charm.,She had a natural charm.,True,Polysemy,3.846153846,0.062950611,0.057939589
charm,She had a gold charm.,She had a good-luck charm.,True,Polysemy,3.166666667,0.616652161,0.07942915
check,He checked the engine.,He checked the alibi.,False,Polysemy,3.1,0.196067929,0.111678481
check,He checked the engine.,He checked the facts.,False,Polysemy,2.857142857,0.24142921,0.137530684
check,He checked the oven.,He checked the alibi.,False,Polysemy,2.684210526,0.182829201,0.125203133
check,He checked the oven.,He checked the facts.,False,Polysemy,3.142857143,0.267269194,0.137405217
check,He checked the engine.,He checked the oven.,True,Polysemy,3.666666667,0.117293715,0.09573859
check,He checked the alibi.,He checked the facts.,True,Polysemy,3.6,0.124973059,0.064044297
chicken,They liked the juicy chicken.,They liked the clucking chicken.,False,Polysemy,3.0,0.079601288,0.077332795
chicken,They liked the juicy chicken.,They liked the pet chicken.,False,Polysemy,2.888888889,0.157398224,0.074458599
chicken,They liked the roasted chicken.,They liked the clucking chicken.,False,Polysemy,3.555555556,0.150800705,0.093166828
chicken,They liked the roasted chicken.,They liked the pet chicken.,False,Polysemy,3.571428571,0.202583611,0.074374795
chicken,They liked the juicy chicken.,They liked the roasted chicken.,True,Polysemy,4.0,0.094624102,0.029318571
chicken,They liked the clucking chicken.,They liked the pet chicken.,True,Polysemy,3.5625,0.13973552,0.06022501
class,It was a perceptive class.,It was a boring class.,False,Polysemy,3.545454545,0.092052758,0.0994699
class,It was a perceptive class.,It was a stimulating class.,False,Polysemy,3.583333333,0.078946948,0.072611749
class,It was a misbehaving class.,It was a boring class.,False,Polysemy,2.9375,0.148044109,0.044291019
class,It was a misbehaving class.,It was a stimulating class.,False,Polysemy,2.8,0.133084118,0.085173726
class,It was a perceptive class.,It was a misbehaving class.,True,Polysemy,2.545454545,0.061455071,0.095460892
class,It was a boring class.,It was a stimulating class.,True,Polysemy,3.833333333,0.053896427,0.063209891
clear,He cleared the desk.,He cleared the path.,False,Polysemy,3.333333333,0.282314956,0.093875289
clear,He cleared the desk.,He cleared the road.,False,Polysemy,2.833333333,0.373953938,0.106257439
clear,He cleared the shelf.,He cleared the path.,False,Polysemy,3.466666667,0.193765879,0.118124425
clear,He cleared the shelf.,He cleared the road.,False,Polysemy,2.909090909,0.317057014,0.125001669
clear,He cleared the desk.,He cleared the shelf.,True,Polysemy,3.956521739,0.131476939,0.108689189
clear,He cleared the path.,He cleared the road.,True,Polysemy,3.9,0.101772845,0.045495272
clip,It was a film clip.,It was a hair clip.,False,Homonymy,0.7,0.351907313,0.064445615
clip,It was a film clip.,It was a metal clip.,False,Homonymy,0.555555556,0.333222985,0.097966373
clip,It was a video clip.,It was a hair clip.,False,Homonymy,0.4,0.406234622,0.076359332
clip,It was a video clip.,It was a metal clip.,False,Homonymy,0.222222222,0.380484819,0.101653278
clip,It was a film clip.,It was a video clip.,True,Homonymy,4.0,0.071674526,0.036003411
clip,It was a hair clip.,It was a metal clip.,True,Homonymy,2.714285714,0.208770514,0.067853034
clog,The dancer clogged.,The pipe clogged.,False,Polysemy,0.3,0.173205554,0.096770346
clog,The dancer clogged.,The sink clogged.,False,Polysemy,0.142857143,0.235879421,0.081241608
clog,The choreographer clogged.,The pipe clogged.,False,Polysemy,0.285714286,0.207357526,0.126630962
clog,The choreographer clogged.,The sink clogged.,False,Polysemy,0.461538462,0.240847111,0.111360729
clog,The dancer clogged.,The choreographer clogged.,True,Polysemy,3.368421053,0.13209796,0.02587229
clog,The pipe clogged.,The sink clogged.,True,Polysemy,4.0,0.138669252,0.040646911
cold,It was an icy cold.,It was a chest cold.,False,Polysemy,1.294117647,0.15583688,0.110119402
cold,It was an icy cold.,It was a common cold.,False,Polysemy,0.875,0.177187324,0.100174546
cold,It was a freezing cold.,It was a chest cold.,False,Polysemy,1.230769231,0.184639931,0.117933095
cold,It was a freezing cold.,It was a common cold.,False,Polysemy,0.818181818,0.152515173,0.114774644
cold,It was an icy cold.,It was a freezing cold.,True,Polysemy,3.842105263,0.057332754,0.028746963
cold,It was a chest cold.,It was a common cold.,True,Polysemy,3.444444444,0.175595999,0.09282434
column,It was a gossip column.,It was a concrete column.,False,Polysemy,0.125,0.453143775,0.090889096
column,It was a gossip column.,It was a marble column.,False,Polysemy,0.411764706,0.467917681,0.12032944
column,It was a sports column.,It was a concrete column.,False,Polysemy,0.111111111,0.427443981,0.078556299
column,It was a sports column.,It was a marble column.,False,Polysemy,0.555555556,0.444061756,0.109047771
column,It was a gossip column.,It was a sports column.,True,Polysemy,3.928571429,0.105692744,0.033031523
column,It was a concrete column.,It was a marble column.,True,Polysemy,3.727272727,0.101493776,0.033631325
company,He liked the investment company.,He liked the pleasant company.,False,Polysemy,1.0,0.488830864,0.145881116
company,He liked the investment company.,He liked the polite company.,False,Polysemy,0.733333333,0.481504261,0.141207337
company,He liked the pharmaceutical company.,He liked the pleasant company.,False,Polysemy,0.615384615,0.46819371,0.212740541
company,He liked the pharmaceutical company.,He liked the polite company.,False,Polysemy,0.3125,0.461689591,0.205292463
company,He liked the investment company.,He liked the pharmaceutical company.,True,Polysemy,3.5,0.169793963,0.102344513
company,He liked the pleasant company.,He liked the polite company.,True,Polysemy,3.764705882,0.057559729,0.049681246
cone,It was a waffle cone.,It was an orange cone.,False,Polysemy,1.785714286,0.178199053,0.050908267
cone,It was a waffle cone.,It was a traffic cone.,False,Polysemy,1.133333333,0.320831299,0.069322228
cone,It was a sugar cone.,It was an orange cone.,False,Polysemy,1.466666667,0.162242949,0.041739285
cone,It was a sugar cone.,It was a traffic cone.,False,Polysemy,1.666666667,0.252052665,0.065718114
cone,It was a waffle cone.,It was a sugar cone.,True,Polysemy,4.0,0.150759399,0.040055096
cone,It was an orange cone.,It was a traffic cone.,True,Polysemy,3.647058824,0.228395164,0.0677495
contribution,He made a charitable contribution.,He made a scholarly contribution.,False,Polysemy,3.375,0.306300402,0.104732633
contribution,He made a charitable contribution.,He made a well-written contribution.,False,Polysemy,1.9375,0.538500786,0.067570627
contribution,He made a voluntary contribution.,He made a scholarly contribution.,False,Polysemy,3.411764706,0.311554074,0.1101017
contribution,He made a voluntary contribution.,He made a well-written contribution.,False,Polysemy,2.857142857,0.539172411,0.047388971
contribution,He made a charitable contribution.,He made a voluntary contribution.,True,Polysemy,3.875,0.106847584,0.039962947
contribution,He made a scholarly contribution.,He made a well-written contribution.,True,Polysemy,3.076923077,0.501315743,0.059290111
count,That was the noble count.,That was the final count.,False,Homonymy,0.142857143,0.505488276,0.101866722
count,That was the noble count.,That was the correct count.,False,Homonymy,0.375,0.410678089,0.090347171
count,That was the vengeful count.,That was the final count.,False,Homonymy,0.75,0.376726568,0.141276062
count,That was the vengeful count.,That was the correct count.,False,Homonymy,0.9375,0.288782477,0.135300875
count,That was the noble count.,That was the vengeful count.,True,Homonymy,3.0,0.235204935,0.049302697
count,That was the final count.,That was the correct count.,True,Homonymy,3.416666667,0.172608733,0.063432813
course,It was an introductory course.,It was a charted course.,False,Polysemy,1.25,0.352136493,0.064659238
course,It was an introductory course.,It was a collision course.,False,Polysemy,1.375,0.476619899,0.099086463
course,It was a pass-fail course.,It was a charted course.,False,Polysemy,0.7,0.654132903,0.061700404
course,It was a pass-fail course.,It was a collision course.,False,Polysemy,1.111111111,0.667362005,0.068087399
course,It was an introductory course.,It was a pass-fail course.,True,Polysemy,3.909090909,0.595319211,0.053492665
course,It was a charted course.,It was a collision course.,True,Polysemy,2.222222222,0.28404367,0.085401952
cross,He crossed a road.,He crossed an enemy.,False,Polysemy,0.727272727,0.328189552,0.101659954
cross,He crossed a road.,He crossed a friend.,False,Polysemy,0.375,0.47225827,0.097827077
cross,He crossed a room.,He crossed an enemy.,False,Polysemy,0.882352941,0.324942768,0.104293823
cross,He crossed a room.,He crossed a friend.,False,Polysemy,0.642857143,0.429726541,0.088190854
cross,He crossed a road.,He crossed a room.,True,Polysemy,2.666666667,0.21152842,0.08060652
cross,He crossed an enemy.,He crossed a friend.,True,Polysemy,3.0,0.156759024,0.066878438
date,It was a dinner date.,It was an expiration date.,False,Polysemy,1.25,0.350375831,0.095204234
date,It was a dinner date.,It was a historical date.,False,Polysemy,1.176470588,0.52690661,0.100363076
date,It was a blind date.,It was an expiration date.,False,Polysemy,0.230769231,0.402957261,0.083028615
date,It was a blind date.,It was a historical date.,False,Polysemy,0.75,0.53855145,0.06692189
date,It was a dinner date.,It was a blind date.,True,Polysemy,3.882352941,0.233226001,0.079917014
date,It was an expiration date.,It was a historical date.,True,Polysemy,2.928571429,0.421628237,0.076293349
degree,It was about forty degrees.,It was about associate degrees.,False,Polysemy,0.071428571,0.530085713,0.169271886
degree,It was about forty degrees.,It was about college degrees.,False,Polysemy,0.166666667,0.548691094,0.175453067
degree,It was about fifty degrees.,It was about associate degrees.,False,Polysemy,0.076923077,0.527711362,0.18201381
degree,It was about fifty degrees.,It was about college degrees.,False,Polysemy,0.0,0.541428059,0.189542115
degree,It was about forty degrees.,It was about fifty degrees.,True,Polysemy,3.736842105,0.012964308,0.004413784
degree,It was about associate degrees.,It was about college degrees.,True,Polysemy,3.888888889,0.107942104,0.038037837
design,They liked the floral design.,They liked the product design.,False,Polysemy,2.888888889,0.22197926,0.097193956
design,They liked the floral design.,They liked the architectural design.,False,Polysemy,3.75,0.185480773,0.062090397
design,They liked the geometric design.,They liked the product design.,False,Polysemy,3.454545455,0.216541827,0.090237439
design,They liked the geometric design.,They liked the architectural design.,False,Polysemy,3.538461538,0.166111648,0.048311472
design,They liked the floral design.,They liked the geometric design.,True,Polysemy,3.9,0.151654482,0.039994121
design,They liked the product design.,They liked the architectural design.,True,Polysemy,3.5,0.144426942,0.093203187
dinner,They liked the turkey dinner.,They liked the formal dinner.,False,Polysemy,3.75,0.122385681,0.069369137
dinner,They liked the turkey dinner.,They liked the anniversary dinner.,False,Polysemy,3.733333333,0.089506567,0.039854407
dinner,They liked the light dinner.,They liked the formal dinner.,False,Polysemy,3.454545455,0.075368047,0.057322264
dinner,They liked the light dinner.,They liked the anniversary dinner.,False,Polysemy,3.846153846,0.128708661,0.041846991
dinner,They liked the turkey dinner.,They liked the light dinner.,True,Polysemy,3.846153846,0.095041096,0.03463757
dinner,They liked the formal dinner.,They liked the anniversary dinner.,True,Polysemy,3.923076923,0.063754916,0.054771185
drain,They drained the account.,They drained the pool.,False,Polysemy,1.615384615,0.279023349,0.171304047
drain,They drained the account.,They drained the pond.,False,Polysemy,2.333333333,0.312390685,0.194308102
drain,They drained the budget.,They drained the pool.,False,Polysemy,1.7,0.36032635,0.151669145
drain,They drained the budget.,They drained the pond.,False,Polysemy,1.9375,0.365361273,0.174552143
drain,They drained the account.,They drained the budget.,True,Polysemy,3.8,0.163004339,0.135794103
drain,They drained the pool.,They drained the pond.,True,Polysemy,3.75,0.119492829,0.047318161
draw,He drew a gun.,He drew a tree.,False,Polysemy,0.363636364,0.326175928,0.077704012
draw,He drew a gun.,They drew a picture.,False,Polysemy,0.461538462,0.411751091,0.143300056
draw,He drew a sword.,He drew a tree.,False,Polysemy,0.6,0.268451571,0.068489969
draw,He drew a sword.,They drew a picture.,False,Polysemy,0.473684211,0.384750426,0.15406543
draw,He drew a gun.,He drew a sword.,True,Polysemy,3.0625,0.12595737,0.049517512
draw,He drew a tree.,They drew a picture.,True,Polysemy,4.0,0.222712755,0.100153685
dream,He had a recurring dream.,He had a childhood dream.,False,Polysemy,2.5,0.103289008,0.066080987
dream,He had a recurring dream.,He had a career dream.,False,Polysemy,1.764705882,0.399492979,0.081509531
dream,He had a bad dream.,He had a childhood dream.,False,Polysemy,1.888888889,0.217616677,0.090056121
dream,He had a bad dream.,He had a career dream.,False,Polysemy,1.777777778,0.470203102,0.074092865
dream,He had a recurring dream.,He had a bad dream.,True,Polysemy,4.0,0.11092937,0.069384634
dream,He had a childhood dream.,He had a career dream.,True,Polysemy,3.421052632,0.354789078,0.057070136
drill,It was a grueling drill.,It was an electric drill.,False,Homonymy,0.4,0.255461097,0.114933491
drill,It was a grueling drill.,It was a battery-powered drill.,False,Homonymy,0.636363636,0.634080291,0.163684726
drill,It was a challenging drill.,It was an electric drill.,False,Homonymy,0.230769231,0.254882514,0.127792597
drill,It was a challenging drill.,It was a battery-powered drill.,False,Homonymy,0.153846154,0.656190097,0.18358022
drill,It was a grueling drill.,It was a challenging drill.,True,Homonymy,2.888888889,0.147376478,0.046640277
drill,It was an electric drill.,It was a battery-powered drill.,True,Homonymy,4.0,0.561830163,0.086390257
examination,It was a multiple-choice examination.,It was a prostate examination.,False,Polysemy,2.0,0.602444679,0.081607401
examination,It was a multiple-choice examination.,It was a physical examination.,False,Polysemy,3.125,0.57866478,0.046395063
examination,It was a difficult examination.,It was a prostate examination.,False,Polysemy,1.764705882,0.354614735,0.158068538
examination,It was a difficult examination.,It was a physical examination.,False,Polysemy,2.625,0.239612997,0.069825172
examination,It was a multiple-choice examination.,It was a difficult examination.,True,Polysemy,3.526315789,0.610408217,0.079852462
examination,It was a prostate examination.,It was a physical examination.,True,Polysemy,4.0,0.137051105,0.090358555
fan,They had an electric fan.,They had a zealous fan.,False,Homonymy,0.266666667,0.402846813,0.177222013
fan,They had an electric fan.,They had an enthusiastic fan.,False,Homonymy,0.0,0.426824152,0.194414139
fan,They had a ceiling fan.,They had a zealous fan.,False,Homonymy,0.2,0.475281417,0.176194489
fan,They had a ceiling fan.,They had an enthusiastic fan.,False,Homonymy,0.071428571,0.498543441,0.21644938
fan,They had an electric fan.,They had a ceiling fan.,True,Homonymy,3.9,0.076492667,0.080676556
fan,They had a zealous fan.,They had an enthusiastic fan.,True,Homonymy,3.272727273,0.106026471,0.060933888
file,She had a text file.,She had a nail file.,False,Homonymy,0.214285714,0.278784513,0.078388691
file,She had a text file.,She had a steel file.,False,Homonymy,0.384615385,0.317461908,0.099503279
file,She had a data file.,She had a nail file.,False,Homonymy,0.083333333,0.318774164,0.097823262
file,She had a data file.,She had a steel file.,False,Homonymy,0.25,0.301388562,0.105181456
file,She had a text file.,She had a data file.,True,Homonymy,3.6,0.118700325,0.054543734
file,She had a nail file.,She had a steel file.,True,Homonymy,1.8125,0.126254261,0.066116333
film,It was an action film.,It was a transparent film.,False,Polysemy,1.222222222,0.494718134,0.061695457
film,It was an action film.,It was a plastic film.,False,Polysemy,0.388888889,0.486100733,0.123729765
film,It was a censored film.,It was a transparent film.,False,Polysemy,1.444444444,0.440122902,0.045653105
film,It was a censored film.,It was a plastic film.,False,Polysemy,0.066666667,0.447441041,0.128340244
film,It was an action film.,It was a censored film.,True,Polysemy,3.8,0.148115993,0.059191465
film,It was a transparent film.,It was a plastic film.,True,Polysemy,3.4375,0.065887511,0.102606654
fix,They fixed the radio.,They fixed the date.,False,Polysemy,1.833333333,0.243120611,0.162263095
fix,They fixed the radio.,They fixed the price.,False,Polysemy,1.333333333,0.29379493,0.188381612
fix,They fixed the dishwasher.,They fixed the date.,False,Polysemy,0.833333333,0.345567882,0.155044973
fix,They fixed the dishwasher.,They fixed the price.,False,Polysemy,0.7,0.354539871,0.171358287
fix,They fixed the radio.,They fixed the dishwasher.,True,Polysemy,3.904761905,0.153936148,0.145602703
fix,They fixed the date.,They fixed the price.,True,Polysemy,2.615384615,0.17143929,0.102191091
foundation,It was a charitable foundation.,It was a wooden foundation.,False,Polysemy,0.583333333,0.405302763,0.151539564
foundation,It was a charitable foundation.,It was a concrete foundation.,False,Polysemy,1.0,0.387109995,0.119116426
foundation,It was an educational foundation.,It was a wooden foundation.,False,Polysemy,0.75,0.37853992,0.115469217
foundation,It was an educational foundation.,It was a concrete foundation.,False,Polysemy,1.555555556,0.369950593,0.081631422
foundation,It was a charitable foundation.,It was an educational foundation.,True,Polysemy,3.066666667,0.13188982,0.057687521
foundation,It was a wooden foundation.,It was a concrete foundation.,True,Polysemy,3.764705882,0.068252504,0.048521876
function,It was a mathematical function.,It was a social function.,False,Polysemy,0.933333333,0.305757463,0.082315564
function,It was a mathematical function.,It was a business function.,False,Polysemy,0.266666667,0.270422041,0.082114339
function,It was a linear function.,It was a social function.,False,Polysemy,0.2,0.477748871,0.093588471
function,It was a linear function.,It was a business function.,False,Polysemy,0.5,0.463516176,0.093616426
function,It was a mathematical function.,It was a linear function.,True,Polysemy,3.75,0.164885163,0.041750014
function,It was a social function.,It was a business function.,True,Polysemy,3.384615385,0.084936082,0.051722288
ground,He was on the firm ground.,He was on the camp ground.,False,Polysemy,2.285714286,0.308426082,0.066148043
ground,He was on the firm ground.,He was on the parade ground.,False,Polysemy,1.846153846,0.33117944,0.072730541
ground,He was on the frozen ground.,He was on the camp ground.,False,Polysemy,2.923076923,0.238362193,0.047380745
ground,He was on the frozen ground.,He was on the parade ground.,False,Polysemy,3.5,0.350116193,0.06280309
ground,He was on the firm ground.,He was on the frozen ground.,True,Polysemy,3.615384615,0.268796027,0.078346133
ground,He was on the camp ground.,He was on the parade ground.,True,Polysemy,3.285714286,0.222591102,0.027148664
guard,They liked the night guard.,They liked the coast guard.,False,Polysemy,2.647058824,0.296960831,0.084294081
guard,They liked the night guard.,They liked the national guard.,False,Polysemy,1.777777778,0.255502522,0.068060756
guard,They liked the security guard.,They liked the coast guard.,False,Polysemy,3.615384615,0.323509276,0.08933562
guard,They liked the security guard.,They liked the national guard.,False,Polysemy,3.454545455,0.289503992,0.079711378
guard,They liked the night guard.,They liked the security guard.,True,Polysemy,3.454545455,0.201911449,0.04474318
guard,They liked the coast guard.,They liked the national guard.,True,Polysemy,3.8125,0.165234149,0.077930093
guide,He had an assembly guide.,He had a talkative guide.,False,Polysemy,2.333333333,0.165287137,0.071446717
guide,He had an assembly guide.,He had a friendly guide.,False,Polysemy,2.25,0.215485573,0.077599823
guide,He had a TV guide.,He had a talkative guide.,False,Polysemy,1.1875,0.275434554,0.073995888
guide,He had a TV guide.,He had a friendly guide.,False,Polysemy,1.0,0.31368345,0.076377749
guide,He had an assembly guide.,He had a TV guide.,True,Polysemy,2.272727273,0.24040103,0.065190911
guide,He had a talkative guide.,He had a friendly guide.,True,Polysemy,3.875,0.087630928,0.029138327
hail,They hailed a cab.,They hailed a friend.,False,Polysemy,2.4,0.281277299,0.097313643
hail,They hailed a cab.,They hailed a guest.,False,Polysemy,1.727272727,0.294083297,0.092353225
hail,They hailed a taxi.,They hailed a friend.,False,Polysemy,2.692307692,0.277096033,0.095104337
hail,They hailed a taxi.,They hailed a guest.,False,Polysemy,2.1,0.294228375,0.096482575
hail,They hailed a cab.,They hailed a taxi.,True,Polysemy,4.0,0.028505385,0.029815912
hail,They hailed a friend.,They hailed a guest.,True,Polysemy,3.315789474,0.11702776,0.048453987
home,It was a summer home.,It was a funeral home.,False,Polysemy,2.153846154,0.321417093,0.11115998
home,It was a summer home.,It was a nursing home.,False,Polysemy,3.421052632,0.294550896,0.111939251
home,It was a childhood home.,It was a funeral home.,False,Polysemy,2.076923077,0.324015737,0.089763939
home,It was a childhood home.,It was a nursing home.,False,Polysemy,3.5,0.328268707,0.094116032
home,It was a summer home.,It was a childhood home.,True,Polysemy,3.818181818,0.097551465,0.053443015
home,It was a funeral home.,It was a nursing home.,True,Polysemy,2.846153846,0.190919042,0.052004874
intelligence,They had natural intelligence.,They had classified intelligence.,False,Polysemy,1.8,0.364275575,0.15520227
intelligence,They had natural intelligence.,They had military intelligence.,False,Polysemy,3.333333333,0.334796607,0.092460513
intelligence,They had innate intelligence.,They had classified intelligence.,False,Polysemy,2.333333333,0.356527925,0.215245664
intelligence,They had innate intelligence.,They had military intelligence.,False,Polysemy,3.3125,0.343083978,0.154103637
intelligence,They had natural intelligence.,They had innate intelligence.,True,Polysemy,3.545454545,0.052037835,0.049465179
intelligence,They had classified intelligence.,They had military intelligence.,True,Polysemy,3.588235294,0.075024784,0.121954203
issue,It was a sensitive issue.,It was a weekly issue.,False,Polysemy,0.8,0.488652408,0.088909268
issue,It was a sensitive issue.,It was a special issue.,False,Polysemy,3.444444444,0.307942808,0.068591475
issue,It was a political issue.,It was a weekly issue.,False,Polysemy,1.75,0.460301161,0.080926478
issue,It was a political issue.,It was a special issue.,False,Polysemy,2.235294118,0.342561364,0.074750662
issue,It was a sensitive issue.,It was a political issue.,True,Polysemy,3.8,0.088626802,0.034658849
issue,It was a weekly issue.,It was a special issue.,True,Polysemy,2.642857143,0.26971966,0.067211151
jam,It was a blackberry jam.,It was a traffic jam.,False,Homonymy,0.071428571,0.442857265,0.108810067
jam,It was a blackberry jam.,It was a paper jam.,False,Homonymy,0.538461538,0.114704907,0.072253227
jam,It was a peach jam.,It was a traffic jam.,False,Homonymy,0.0,0.450755119,0.099556148
jam,It was a peach jam.,It was a paper jam.,False,Homonymy,0.066666667,0.154984951,0.054440141
jam,It was a blackberry jam.,It was a peach jam.,True,Homonymy,4.0,0.106470287,0.013601124
jam,It was a traffic jam.,It was a paper jam.,True,Homonymy,2.1,0.395899713,0.070620716
key,It was a duplicate key.,It was a delete key.,False,Polysemy,1.076923077,0.084568501,0.069850564
key,It was a duplicate key.,It was a backspace key.,False,Polysemy,0.454545455,0.138863146,0.048993409
key,It was a master key.,It was a delete key.,False,Polysemy,0.75,0.100652397,0.116315901
key,It was a master key.,It was a backspace key.,False,Polysemy,0.916666667,0.185944676,0.07235074
key,It was a duplicate key.,It was a master key.,True,Polysemy,3.909090909,0.059563339,0.068055868
key,It was a delete key.,It was a backspace key.,True,Polysemy,3.666666667,0.115159452,0.070094943
lamb,They liked the marinated lamb.,They liked the cute lamb.,False,Polysemy,3.3,0.091305315,0.052619398
lamb,They liked the marinated lamb.,They liked the friendly lamb.,False,Polysemy,3.0,0.110114396,0.061512589
lamb,They liked the grilled lamb.,They liked the cute lamb.,False,Polysemy,3.466666667,0.08867979,0.05507952
lamb,They liked the grilled lamb.,They liked the friendly lamb.,False,Polysemy,3.294117647,0.107629597,0.059822142
lamb,They liked the marinated lamb.,They liked the grilled lamb.,True,Polysemy,4.0,0.041544676,0.236713231
lamb,They liked the cute lamb.,They liked the friendly lamb.,True,Polysemy,3.636363636,0.032332778,0.022594988
lap,She lapped the milk.,She lapped the runners.,False,Homonymy,0.2,0.331312001,0.118968368
lap,She lapped the milk.,She lapped the competitors.,False,Homonymy,0.333333333,0.412111938,0.140125692
lap,She lapped the water.,She lapped the runners.,False,Homonymy,0.333333333,0.179503739,0.07594049
lap,She lapped the water.,She lapped the competitors.,False,Homonymy,0.5,0.295544863,0.102032185
lap,She lapped the milk.,She lapped the water.,True,Homonymy,3.625,0.180359662,0.078547239
lap,She lapped the runners.,She lapped the competitors.,True,Homonymy,3.45,0.108225286,0.041925013
load,She loaded the gun.,She loaded the truck.,False,Polysemy,2.142857143,0.25092721,0.067025781
load,She loaded the gun.,She loaded the van.,False,Polysemy,2.466666667,0.221700847,0.069086552
load,She loaded the rifle.,She loaded the truck.,False,Polysemy,2.538461538,0.205683231,0.083544791
load,She loaded the rifle.,She loaded the van.,False,Polysemy,2.5,0.178631902,0.084087253
load,She loaded the gun.,She loaded the rifle.,True,Polysemy,4.0,0.046735942,0.031222999
load,She loaded the truck.,She loaded the van.,True,Polysemy,4.0,0.035642982,0.01317215
lock,She had curly locks.,She had window locks.,False,Homonymy,0.0,0.364491343,0.09430939
lock,She had curly locks.,She had door locks.,False,Homonymy,0.0,0.380106211,0.101951361
lock,She had brown locks.,She had window locks.,False,Homonymy,0.210526316,0.375346899,0.067510068
lock,She had brown locks.,She had door locks.,False,Homonymy,0.333333333,0.380734086,0.070536137
lock,She had curly locks.,She had brown locks.,True,Homonymy,3.785714286,0.049814999,0.032923996
lock,She had window locks.,She had door locks.,True,Homonymy,3.555555556,0.060202837,0.021203756
lunch,They liked the hot lunch.,They liked the afternoon lunch.,False,Polysemy,3.785714286,0.073074341,0.053751588
lunch,They liked the hot lunch.,They liked the women's lunch.,False,Polysemy,3.388888889,0.468395352,0.04511404
lunch,They liked the sandwich lunch.,They liked the afternoon lunch.,False,Polysemy,3.857142857,0.132222176,0.034859002
lunch,They liked the sandwich lunch.,They liked the women's lunch.,False,Polysemy,3.583333333,0.470807552,0.033152342
lunch,They liked the hot lunch.,They liked the sandwich lunch.,True,Polysemy,3.933333333,0.127897918,0.032467186
lunch,They liked the afternoon lunch.,They liked the women's lunch.,True,Polysemy,4.0,0.46317637,0.055760741
market,He liked the flea market.,He liked the housing market.,False,Polysemy,2.555555556,0.20639205,0.126381278
market,He liked the flea market.,He liked the stock market.,False,Polysemy,2.285714286,0.310365856,0.132387996
market,He liked the fish market.,He liked the housing market.,False,Polysemy,2.263157895,0.179006577,0.119191766
market,He liked the fish market.,He liked the stock market.,False,Polysemy,1.9,0.278942943,0.124048412
market,He liked the flea market.,He liked the fish market.,True,Polysemy,3.923076923,0.097855568,0.052541792
market,He liked the housing market.,He liked the stock market.,True,Polysemy,3.083333333,0.230547428,0.082978725
match,It was a lit match.,It was a soccer match.,False,Homonymy,0.111111111,0.462172866,0.06049633
match,It was a lit match.,It was a tennis match.,False,Homonymy,0.0,0.469395101,0.078830719
match,It was a burning match.,It was a soccer match.,False,Homonymy,0.3125,0.468630493,0.067629695
match,It was a burning match.,It was a tennis match.,False,Homonymy,0.555555556,0.500597209,0.080270708
match,It was a lit match.,It was a burning match.,True,Homonymy,4.0,0.091742992,0.035631716
match,It was a soccer match.,It was a tennis match.,True,Homonymy,3.666666667,0.156254768,0.045688748
medicine,It was cough medicine.,It was orthopedic medicine.,False,Polysemy,2.666666667,0.246646047,0.076702595
medicine,It was cough medicine.,It was veterinary medicine.,False,Polysemy,2.444444444,0.290193081,0.069652915
medicine,It was prescription medicine.,It was orthopedic medicine.,False,Polysemy,3.222222222,0.252791405,0.073477268
medicine,It was prescription medicine.,It was veterinary medicine.,False,Polysemy,3.5,0.270864844,0.065626502
medicine,It was cough medicine.,It was prescription medicine.,True,Polysemy,3.5625,0.135519445,0.045588255
medicine,It was orthopedic medicine.,It was veterinary medicine.,True,Polysemy,3.833333333,0.184719861,0.040844679
message,There was a phone message.,There was an urgent message.,False,Polysemy,3.5,0.155624568,0.098115146
message,There was a phone message.,There was a clear message.,False,Polysemy,2.125,0.307215214,0.135635555
message,There was a computer message.,There was an urgent message.,False,Polysemy,3.0,0.132769883,0.115331888
message,There was a computer message.,There was a clear message.,False,Polysemy,2.8125,0.257606506,0.148432255
message,There was a phone message.,There was a computer message.,True,Polysemy,3.727272727,0.093497396,0.052448511
message,There was an urgent message.,There was a clear message.,True,Polysemy,3.705882353,0.172176361,0.040417314
mold,It was a fungal mold.,It was a rubber mold.,False,Homonymy,0.133333333,0.203066468,0.105068564
mold,It was a fungal mold.,It was a clay mold.,False,Homonymy,0.916666667,0.170827806,0.093459785
mold,It was a harmful mold.,It was a rubber mold.,False,Homonymy,0.111111111,0.219214261,0.11547327
mold,It was a harmful mold.,It was a clay mold.,False,Homonymy,0.357142857,0.185368598,0.108413815
mold,It was a fungal mold.,It was a harmful mold.,True,Homonymy,3.0625,0.115669966,0.068282306
mold,It was a rubber mold.,It was a clay mold.,True,Homonymy,3.727272727,0.137601793,0.037674487
mole,She saw the cancerous mole.,She saw the cute mole.,False,Homonymy,0.153846154,0.121985972,0.089485586
mole,She saw the cancerous mole.,She saw the fast mole.,False,Homonymy,0.166666667,0.16255635,0.091338396
mole,She saw the raised mole.,She saw the cute mole.,False,Homonymy,0.625,0.136322439,0.087554216
mole,She saw the raised mole.,She saw the fast mole.,False,Homonymy,1.15,0.133527815,0.073733807
mole,She saw the cancerous mole.,She saw the raised mole.,True,Homonymy,2.375,0.084662199,0.096459329
mole,She saw the cute mole.,She saw the fast mole.,True,Homonymy,2.375,0.171923518,0.074075401
movement,He liked the rhythmic movement.,He liked the feminist movement.,False,Polysemy,0.846153846,0.418435395,0.12679708
movement,He liked the rhythmic movement.,He liked the civil-rights movement.,False,Polysemy,0.538461538,0.619402647,0.100257814
movement,He liked the graceful movement.,He liked the feminist movement.,False,Polysemy,1.428571429,0.419799209,0.159288824
movement,He liked the graceful movement.,He liked the civil-rights movement.,False,Polysemy,0.833333333,0.664320558,0.112012863
movement,He liked the rhythmic movement.,He liked the graceful movement.,True,Polysemy,3.384615385,0.108740687,0.034734726
movement,He liked the feminist movement.,He liked the civil-rights movement.,True,Polysemy,4.0,0.518557727,0.067665219
newspaper,It was a national newspaper.,It was a faded newspaper.,False,Polysemy,3.9,0.234838784,0.085758209
newspaper,It was a national newspaper.,It was a shredded newspaper.,False,Polysemy,3.647058824,0.256969929,0.093657017
newspaper,It was a daily newspaper.,It was a faded newspaper.,False,Polysemy,4.0,0.152527511,0.073273778
newspaper,It was a daily newspaper.,It was a shredded newspaper.,False,Polysemy,3.777777778,0.257240891,0.085551262
newspaper,It was a national newspaper.,It was a daily newspaper.,True,Polysemy,4.0,0.11405164,0.041685343
newspaper,It was a faded newspaper.,It was a shredded newspaper.,True,Polysemy,3.833333333,0.079730213,0.033593297
orange,It was a juicy orange.,It was a bright orange.,False,Polysemy,2.0,0.307211459,0.065273941
orange,It was a juicy orange.,It was a reddish orange.,False,Polysemy,1.0,0.273911238,0.052660882
orange,It was a ripe orange.,It was a bright orange.,False,Polysemy,2.5,0.236619532,0.085292876
orange,It was a ripe orange.,It was a reddish orange.,False,Polysemy,1.916666667,0.226773024,0.090670049
orange,It was a juicy orange.,It was a ripe orange.,True,Polysemy,3.65,0.083839953,0.051941872
orange,It was a bright orange.,It was a reddish orange.,True,Polysemy,4.0,0.122556508,0.056215107
page,He saw the young page.,He saw the blank page.,False,Homonymy,0.166666667,0.240452111,0.096105754
page,He saw the young page.,He saw the ripped page.,False,Homonymy,0.333333333,0.225439787,0.095548153
page,He saw the loyal page.,He saw the blank page.,False,Homonymy,0.388888889,0.239609122,0.103726864
page,He saw the loyal page.,He saw the ripped page.,False,Homonymy,0.545454545,0.221343756,0.12424624
page,He saw the young page.,He saw the loyal page.,True,Homonymy,3.071428571,0.146082819,0.08013767
page,He saw the blank page.,He saw the ripped page.,True,Homonymy,3.384615385,0.077804208,0.044888258
palm,It was a calloused palm.,It was a tropical palm.,False,Homonymy,0.235294118,0.271009207,0.096294343
palm,It was a calloused palm.,It was a tree palm.,False,Homonymy,0.2,0.269844651,0.081980586
palm,It was a wrinkled palm.,It was a tropical palm.,False,Homonymy,0.285714286,0.339266062,0.120958984
palm,It was a wrinkled palm.,It was a tree palm.,False,Homonymy,0.25,0.323847413,0.089921772
palm,It was a calloused palm.,It was a wrinkled palm.,True,Homonymy,3.0,0.085626662,0.040128887
palm,It was a tropical palm.,It was a tree palm.,True,Homonymy,3.916666667,0.125965536,0.102179348
panel,It was a control panel.,It was an advisory panel.,False,Polysemy,0.8,0.337162554,0.105567575
panel,It was a control panel.,It was a consumer panel.,False,Polysemy,1.222222222,0.230144858,0.096629083
panel,It was an instrument panel.,It was an advisory panel.,False,Polysemy,1.5,0.372277975,0.117012918
panel,It was an instrument panel.,It was a consumer panel.,False,Polysemy,1.076923077,0.205780923,0.096011698
panel,It was a control panel.,It was an instrument panel.,True,Polysemy,1.8,0.077652931,0.066153884
panel,It was an advisory panel.,It was a consumer panel.,True,Polysemy,3.0,0.307659984,0.109875023
passage,It was a secret passage.,It was a literary passage.,False,Polysemy,0.1,0.351558268,0.07680124
passage,It was a secret passage.,It was a biblical passage.,False,Polysemy,0.428571429,0.417132974,0.097741723
passage,It was a narrow passage.,It was a literary passage.,False,Polysemy,0.888888889,0.418398261,0.0909217
passage,It was a narrow passage.,It was a biblical passage.,False,Polysemy,0.230769231,0.45705986,0.074587941
passage,It was a secret passage.,It was a narrow passage.,True,Polysemy,3.692307692,0.096275568,0.074709654
passage,It was a literary passage.,It was a biblical passage.,True,Polysemy,3.611111111,0.191856861,0.039234698
pen,She penned her animals.,She penned her memoirs.,False,Homonymy,0.4,0.464779556,0.138799191
pen,She penned her animals.,She penned her thoughts.,False,Homonymy,0.545454545,0.322282195,0.094427526
pen,She penned her livestock.,She penned her memoirs.,False,Homonymy,0.647058824,0.480618358,0.185153425
pen,She penned her livestock.,She penned her thoughts.,False,Homonymy,0.5,0.354411125,0.140421927
pen,She penned her animals.,She penned her livestock.,True,Homonymy,3.529411765,0.078797758,0.03989011
pen,She penned her memoirs.,She penned her thoughts.,True,Homonymy,3.3,0.447730839,0.078773856
perch,It was a tasty perch.,It was a lofty perch.,False,Homonymy,0.666666667,0.161617517,0.047499657
perch,It was a tasty perch.,It was a secure perch.,False,Homonymy,0.6,0.173960328,0.0516572
perch,It was a freshwater perch.,It was a lofty perch.,False,Homonymy,1.3125,0.316257119,0.119325459
perch,It was a freshwater perch.,It was a secure perch.,False,Homonymy,1.666666667,0.333974421,0.116146207
perch,It was a tasty perch.,It was a freshwater perch.,True,Homonymy,2.25,0.188228965,0.107634246
perch,It was a lofty perch.,It was a secure perch.,True,Homonymy,2.5,0.115147412,0.025611639
pick,He picked his coffee.,He picked his scab.,False,Polysemy,0.733333333,0.15991509,0.086674511
pick,He picked his coffee.,He picked his nose.,False,Polysemy,0.538461538,0.211315513,0.101501822
pick,He picked his dinner.,He picked his scab.,False,Polysemy,0.894736842,0.291501582,0.093960941
pick,He picked his dinner.,He picked his nose.,False,Polysemy,0.583333333,0.366639793,0.109284937
pick,He picked his coffee.,He picked his dinner.,True,Polysemy,3.428571429,0.221626163,0.06498313
pick,He picked his scab.,He picked his nose.,True,Polysemy,3.636363636,0.156949222,0.058389723
pitcher,He saw the fast pitcher.,He saw the glass pitcher.,False,Homonymy,0.071428571,0.448589623,0.058187366
pitcher,He saw the fast pitcher.,He saw the plastic pitcher.,False,Homonymy,0.307692308,0.352484643,0.079657257
pitcher,He saw the right-handed pitcher.,He saw the glass pitcher.,False,Homonymy,0.4,0.560444891,0.070770621
pitcher,He saw the right-handed pitcher.,He saw the plastic pitcher.,False,Homonymy,0.153846154,0.553768069,0.083898902
pitcher,He saw the fast pitcher.,He saw the right-handed pitcher.,True,Homonymy,3.785714286,0.514390618,0.066372216
pitcher,He saw the glass pitcher.,He saw the plastic pitcher.,True,Homonymy,3.5,0.054722905,0.028729558
poach,She poached the deer.,She poached the eggs.,False,Homonymy,0.833333333,0.177143097,0.146079957
poach,She poached the deer.,She poached the vegetables.,False,Homonymy,1.363636364,0.20310396,0.146395802
poach,She poached the bear.,She poached the eggs.,False,Homonymy,0.571428571,0.195071042,0.10395509
poach,She poached the bear.,She poached the vegetables.,False,Homonymy,0.5,0.273703039,0.119645
poach,She poached the deer.,She poached the bear.,True,Homonymy,3.842105263,0.075741172,0.030859768
poach,She poached the eggs.,She poached the vegetables.,True,Homonymy,3.142857143,0.094468653,0.037650466
port,It was a windy port.,It was a delicious port.,False,Homonymy,0.2,0.225065172,0.076441467
port,It was a windy port.,It was a sweet port.,False,Homonymy,1.5,0.230878294,0.060819387
port,It was a seaside port.,It was a delicious port.,False,Homonymy,0.538461538,0.208070636,0.083219051
port,It was a seaside port.,It was a sweet port.,False,Homonymy,1.4375,0.214503407,0.070518613
port,It was a windy port.,It was a seaside port.,True,Homonymy,3.416666667,0.160221756,0.081309736
port,It was a delicious port.,It was a sweet port.,True,Homonymy,3.0,0.06746316,0.034573555
position,He was in a distinguished position.,He was in a fetal position.,False,Polysemy,1.071428571,0.472413003,0.116409481
position,He was in a distinguished position.,He was in a yoga position.,False,Polysemy,1.0,0.377835095,0.123289764
position,He was in a prominent position.,He was in a fetal position.,False,Polysemy,0.888888889,0.421254575,0.099252403
position,He was in a prominent position.,He was in a yoga position.,False,Polysemy,0.923076923,0.326377571,0.100645661
position,He was in a distinguished position.,He was in a prominent position.,True,Polysemy,3.666666667,0.094648838,0.045653522
position,He was in a fetal position.,He was in a yoga position.,True,Polysemy,3.5,0.231586754,0.059286058
post,It was a wooden post.,It was a teaching post.,False,Homonymy,1.0,0.234244347,0.113972306
post,It was a wooden post.,It was a challenging post.,False,Homonymy,0.375,0.320349455,0.108090639
post,It was a fence post.,It was a teaching post.,False,Homonymy,0.583333333,0.295176446,0.096424758
post,It was a fence post.,It was a challenging post.,False,Homonymy,1.083333333,0.404846311,0.108451903
post,It was a wooden post.,It was a fence post.,True,Homonymy,3.833333333,0.137798846,0.066809416
post,It was a teaching post.,It was a challenging post.,True,Homonymy,1.363636364,0.205013216,0.096061766
punch,He had the alcoholic punch.,He had the strongest punch.,False,Homonymy,0.428571429,0.38242346,0.173151553
punch,He had the alcoholic punch.,He had the quickest punch.,False,Homonymy,0.222222222,0.408398867,0.199571908
punch,He had the fruit punch.,He had the strongest punch.,False,Homonymy,0.1,0.439917147,0.173324049
punch,He had the fruit punch.,He had the quickest punch.,False,Homonymy,0.142857143,0.450152278,0.186375141
punch,He had the alcoholic punch.,He had the fruit punch.,True,Homonymy,3.833333333,0.247438788,0.060580909
punch,He had the strongest punch.,He had the quickest punch.,True,Homonymy,3.777777778,0.060931325,0.042283833
pupil,She had a brilliant pupil.,She had a dilated pupil.,False,Homonymy,0.714285714,0.324471354,0.164594412
pupil,She had a brilliant pupil.,She had a cloudy pupil.,False,Homonymy,0.25,0.337472141,0.157416463
pupil,She had an interested pupil.,She had a dilated pupil.,False,Homonymy,0.071428571,0.343187094,0.158673644
pupil,She had an interested pupil.,She had a cloudy pupil.,False,Homonymy,0.153846154,0.353193879,0.220721304
pupil,She had a brilliant pupil.,She had an interested pupil.,True,Homonymy,3.692307692,0.116787791,0.080570936
pupil,She had a dilated pupil.,She had a cloudy pupil.,True,Homonymy,2.333333333,0.115702033,0.176072359
push,He pushed the cocaine.,He pushed the bed.,False,Polysemy,2.2,0.350416481,0.1085428
push,He pushed the cocaine.,He pushed the desk.,False,Polysemy,1.071428571,0.3361094,0.121903241
push,He pushed the drugs.,He pushed the bed.,False,Polysemy,0.846153846,0.363268316,0.127490759
push,He pushed the drugs.,He pushed the desk.,False,Polysemy,0.842105263,0.401321113,0.13549304
push,He pushed the cocaine.,He pushed the drugs.,True,Polysemy,3.857142857,0.217148781,0.05676192
push,He pushed the bed.,He pushed the desk.,True,Polysemy,4.0,0.094742,0.052688241
racket,That was a loud racket.,That was a badminton racket.,False,Homonymy,0.125,0.286288083,0.088480949
racket,That was a loud racket.,That was a tennis racket.,False,Homonymy,0.176470588,0.298933864,0.102135122
racket,That was an annoying racket.,That was a badminton racket.,False,Homonymy,0.166666667,0.262139261,0.062753677
racket,That was an annoying racket.,That was a tennis racket.,False,Homonymy,0.0,0.295964241,0.070475042
racket,That was a loud racket.,That was an annoying racket.,True,Homonymy,3.384615385,0.16136986,0.049786985
racket,That was a badminton racket.,That was a tennis racket.,True,Homonymy,3.666666667,0.044394433,0.016634107
rock,He liked electronic rock.,He liked limestone rock.,False,Homonymy,0.666666667,0.288080692,0.106014252
rock,He liked electronic rock.,He liked granite rock.,False,Homonymy,0.181818182,0.303245485,0.111593366
rock,He liked alternative rock.,He liked limestone rock.,False,Homonymy,0.357142857,0.328184485,0.106030166
rock,He liked alternative rock.,He liked granite rock.,False,Homonymy,0.166666667,0.344465852,0.114727795
rock,He liked electronic rock.,He liked alternative rock.,True,Homonymy,3.727272727,0.065356612,0.052857339
rock,He liked limestone rock.,He liked granite rock.,True,Homonymy,4.0,0.036675572,0.009861112
run,She ran the marathon.,She ran the shop.,False,Polysemy,0.583333333,0.329861701,0.181533337
run,She ran the marathon.,She ran the company.,False,Polysemy,0.625,0.332791328,0.209793985
run,She ran the race.,She ran the shop.,False,Polysemy,0.545454545,0.293900847,0.240969598
run,She ran the race.,She ran the company.,False,Polysemy,0.625,0.306116045,0.213883042
run,She ran the marathon.,She ran the race.,True,Polysemy,4.0,0.190988779,0.136221111
run,She ran the shop.,She ran the company.,True,Polysemy,4.0,0.058786392,0.086003184
sage,He saw the wise sage.,He saw the fragrant sage.,False,Homonymy,0.333333333,0.329650939,0.115150928
sage,He saw the wise sage.,He saw the bushy sage.,False,Homonymy,0.666666667,0.336821139,0.093836427
sage,He saw the renowned sage.,He saw the fragrant sage.,False,Homonymy,0.45,0.376201749,0.072128057
sage,He saw the renowned sage.,He saw the bushy sage.,False,Homonymy,0.818181818,0.394118071,0.083328903
sage,He saw the wise sage.,He saw the renowned sage.,True,Homonymy,3.230769231,0.123151422,0.080750287
sage,He saw the fragrant sage.,He saw the bushy sage.,True,Homonymy,2.5,0.041147172,0.045371413
scale,It was a fish scale.,It was a music scale.,False,Homonymy,0.133333333,0.177956939,0.097080171
scale,It was a fish scale.,It was a major scale.,False,Homonymy,0.428571429,0.38500911,0.134072304
scale,It was a lizard scale.,It was a music scale.,False,Homonymy,0.222222222,0.27836597,0.090644598
scale,It was a lizard scale.,It was a major scale.,False,Homonymy,0.307692308,0.436147988,0.133900106
scale,It was a fish scale.,It was a lizard scale.,True,Homonymy,3.5,0.110029995,0.043736637
scale,It was a music scale.,It was a major scale.,True,Homonymy,2.5,0.334735692,0.117534041
scene,It was a touching scene.,It was a nature scene.,False,Polysemy,2.611111111,0.314999282,0.075829029
scene,It was a touching scene.,It was a panoramic scene.,False,Polysemy,2.333333333,0.218982518,0.05799669
scene,It was a well-acted scene.,It was a nature scene.,False,Polysemy,1.636363636,0.546362102,0.057291746
scene,It was a well-acted scene.,It was a panoramic scene.,False,Polysemy,2.090909091,0.569117695,0.050116241
scene,It was a touching scene.,It was a well-acted scene.,True,Polysemy,3.857142857,0.564268559,0.083350897
scene,It was a nature scene.,It was a panoramic scene.,True,Polysemy,3.714285714,0.21104008,0.056977987
seal,It was a gold seal.,It was a circus seal.,False,Homonymy,0.2,0.121741474,0.086809099
seal,It was a gold seal.,It was a trained seal.,False,Homonymy,0.7,0.366402328,0.091768205
seal,It was a certified seal.,It was a circus seal.,False,Homonymy,0.090909091,0.218169928,0.110564947
seal,It was a certified seal.,It was a trained seal.,False,Homonymy,0.8,0.192974329,0.06107676
seal,It was a gold seal.,It was a certified seal.,True,Homonymy,3.411764706,0.262364924,0.094911754
seal,It was a circus seal.,It was a trained seal.,True,Homonymy,3.625,0.280324876,0.081836522
serve,She served a pie.,She served a summons.,False,Polysemy,1.777777778,0.378617704,0.183701873
serve,She served a pie.,She served a warrant.,False,Polysemy,1.0,0.549064308,0.169079483
serve,She served a lasagna.,She served a summons.,False,Polysemy,1.4375,0.403398216,0.215635061
serve,She served a lasagna.,She served a warrant.,False,Polysemy,1.714285714,0.531154156,0.204917371
serve,She served a pie.,She served a lasagna.,True,Polysemy,4.0,0.14031893,0.055636346
serve,She served a summons.,She served a warrant.,True,Polysemy,2.928571429,0.342206717,0.056954086
sing,The girl sang.,The bird sang.,False,Polysemy,3.705882353,0.233257055,0.07061404
sing,The girl sang.,The cricket sang.,False,Polysemy,2.916666667,0.283290148,0.129253685
sing,The choir sang.,The bird sang.,False,Polysemy,3.444444444,0.232686758,0.081282616
sing,The choir sang.,The cricket sang.,False,Polysemy,2.875,0.171961606,0.138810694
sing,The girl sang.,The choir sang.,True,Polysemy,4.0,0.205823958,0.064520538
sing,The bird sang.,The cricket sang.,True,Polysemy,3.777777778,0.185122371,0.078307152
spill,He spilled the drink.,He spilled the news.,False,Polysemy,1.111111111,0.328452051,0.127788305
spill,He spilled the drink.,He spilled the secret.,False,Polysemy,1.631578947,0.367769063,0.098430336
spill,He spilled the flour.,He spilled the news.,False,Polysemy,1.3125,0.32275182,0.162538171
spill,He spilled the flour.,He spilled the secret.,False,Polysemy,1.307692308,0.395465255,0.135237396
spill,He spilled the drink.,He spilled the flour.,True,Polysemy,3.545454545,0.165787518,0.089100361
spill,He spilled the news.,He spilled the secret.,True,Polysemy,3.888888889,0.100264668,0.090865076
stake,He staked his horse.,He staked his name.,False,Polysemy,0.666666667,0.28088522,0.128690422
stake,He staked his horse.,He staked his claim.,False,Polysemy,1.357142857,0.294953108,0.117528498
stake,He staked his tent.,He staked his name.,False,Polysemy,0.777777778,0.254777133,0.099855304
stake,He staked his tent.,He staked his claim.,False,Polysemy,0.733333333,0.31125623,0.09199506
stake,He staked his horse.,He staked his tent.,True,Polysemy,2.461538462,0.12285012,0.06813097
stake,He staked his name.,He staked his claim.,True,Polysemy,2.181818182,0.191575289,0.075505853
stall,They stalled the truck.,They stalled the horse.,False,Polysemy,2.0625,0.160481989,0.079759598
stall,They stalled the truck.,They stalled the pig.,False,Polysemy,0.9,0.231238067,0.08733356
stall,They stalled the bus.,They stalled the horse.,False,Polysemy,1.818181818,0.138819456,0.10032022
stall,They stalled the bus.,They stalled the pig.,False,Polysemy,0.846153846,0.183550537,0.112087369
stall,They stalled the truck.,They stalled the bus.,True,Polysemy,3.2,0.068428814,0.032469273
stall,They stalled the horse.,They stalled the pig.,True,Polysemy,3.176470588,0.178040326,0.057151437
stay,They stayed wet.,They stayed nearby.,False,Polysemy,2.428571429,0.298734605,0.206627786
stay,They stayed wet.,They stayed overnight.,False,Polysemy,2.066666667,0.343555748,0.149693429
stay,They stayed cold.,They stayed nearby.,False,Polysemy,2.923076923,0.265157819,0.193538725
stay,They stayed cold.,They stayed overnight.,False,Polysemy,2.0,0.338838518,0.131733358
stay,They stayed wet.,They stayed cold.,True,Polysemy,3.857142857,0.080325246,0.049073398
stay,They stayed nearby.,They stayed overnight.,True,Polysemy,3.555555556,0.248371005,0.081363201
tap,He tapped the keg.,He tapped the stick.,False,Homonymy,1.25,0.064929307,0.059841752
tap,He tapped the keg.,He tapped the drums.,False,Homonymy,1.3125,0.108148277,0.119889259
tap,He tapped the beer.,He tapped the stick.,False,Homonymy,1.421052632,0.134595156,0.07687825
tap,He tapped the beer.,He tapped the drums.,False,Homonymy,1.714285714,0.15184027,0.124992728
tap,He tapped the keg.,He tapped the beer.,True,Homonymy,2.5,0.097269237,0.046793878
tap,He tapped the stick.,He tapped the drums.,True,Homonymy,3.0,0.097163141,0.124092579
tape,He used the scotch tape.,He used the interview tape.,False,Polysemy,0.4,0.198552668,0.066827834
tape,He used the scotch tape.,He used the video tape.,False,Polysemy,1.090909091,0.173618793,0.050383449
tape,He used the double-sided tape.,He used the interview tape.,False,Polysemy,0.533333333,0.485456288,0.132503986
tape,He used the double-sided tape.,He used the video tape.,False,Polysemy,0.571428571,0.510699838,0.092749536
tape,He used the scotch tape.,He used the double-sided tape.,True,Polysemy,4.0,0.505158365,0.088222742
tape,He used the interview tape.,He used the video tape.,True,Polysemy,3.444444444,0.063471198,0.039654732
term,It was a winter term.,It was a legal term.,False,Polysemy,0.8,0.377250016,0.096574903
term,It was a winter term.,It was a technical term.,False,Polysemy,1.2,0.417370081,0.087095797
term,It was a fall term.,It was a legal term.,False,Polysemy,0.882352941,0.25068289,0.109428346
term,It was a fall term.,It was a technical term.,False,Polysemy,0.545454545,0.273746848,0.098052561
term,It was a winter term.,It was a fall term.,True,Polysemy,3.916666667,0.172729552,0.077611864
term,It was a legal term.,It was a technical term.,True,Polysemy,3.428571429,0.086290538,0.052590013
tick,It was a clock tick.,It was a parasitic tick.,False,Homonymy,0.125,0.401510119,0.182157278
tick,It was a clock tick.,It was a diseased tick.,False,Homonymy,0.166666667,0.419999659,0.182493091
tick,It was an audible tick.,It was a parasitic tick.,False,Homonymy,0.555555556,0.367533743,0.118630707
tick,It was an audible tick.,It was a diseased tick.,False,Homonymy,0.0,0.400648236,0.146961331
tick,It was a clock tick.,It was an audible tick.,True,Homonymy,2.555555556,0.227330804,0.133767307
tick,It was a parasitic tick.,It was a diseased tick.,True,Homonymy,3.75,0.064808846,0.040089488
tip,It was a generous tip.,It was a pencil tip.,False,Homonymy,0.125,0.387852728,0.079369009
tip,It was a generous tip.,It was a finger tip.,False,Homonymy,0.1,0.304480195,0.091443419
tip,It was a stingy tip.,It was a pencil tip.,False,Homonymy,0.666666667,0.293498874,0.077552915
tip,It was a stingy tip.,It was a finger tip.,False,Homonymy,0.294117647,0.243239701,0.091838002
tip,It was a generous tip.,It was a stingy tip.,True,Homonymy,3.933333333,0.260650516,0.030067265
tip,It was a pencil tip.,It was a finger tip.,True,Homonymy,2.555555556,0.144928873,0.04379636
title,She liked the essay title.,She liked the academic title.,False,Polysemy,1.571428571,0.239683568,0.054930091
title,She liked the essay title.,She liked the professional title.,False,Polysemy,1.8125,0.341364086,0.112736285
title,She liked the poem title.,She liked the academic title.,False,Polysemy,3.142857143,0.325790405,0.067600965
title,She liked the poem title.,She liked the professional title.,False,Polysemy,2.076923077,0.391970217,0.119180441
title,She liked the essay title.,She liked the poem title.,True,Polysemy,4.0,0.129740179,0.019377232
title,She liked the academic title.,She liked the professional title.,True,Polysemy,3.8,0.093400538,0.063942671
toast,They toasted the bread.,They toasted the host.,False,Homonymy,0.166666667,0.222294986,0.130103528
toast,They toasted the bread.,They toasted the bride.,False,Homonymy,0.285714286,0.241852403,0.182386577
toast,They toasted the strudel.,They toasted the host.,False,Homonymy,0.461538462,0.140097976,0.132887423
toast,They toasted the strudel.,They toasted the bride.,False,Homonymy,0.1,0.180000246,0.165035546
toast,They toasted the bread.,They toasted the strudel.,True,Homonymy,3.583333333,0.095331252,0.067792237
toast,They toasted the host.,They toasted the bride.,True,Homonymy,3.5625,0.107216835,0.095477164
toll,It was a costly toll.,It was a loud toll.,False,Homonymy,1.777777778,0.287602782,0.064157188
toll,It was a costly toll.,It was a bell toll.,False,Homonymy,0.857142857,0.376441181,0.106635153
toll,It was a road toll.,It was a loud toll.,False,Homonymy,0.357142857,0.309844851,0.092908859
toll,It was a road toll.,It was a bell toll.,False,Homonymy,0.636363636,0.347767413,0.077217638
toll,It was a costly toll.,It was a road toll.,True,Homonymy,2.266666667,0.204722881,0.0966627
toll,It was a loud toll.,It was a bell toll.,True,Homonymy,2.357142857,0.216206491,0.069992304
track,She saw the train tracks.,She saw the moose tracks.,False,Polysemy,2.076923077,0.211046398,0.05438292
track,She saw the train tracks.,She saw the snowshoe tracks.,False,Polysemy,2.75,0.286395967,0.03734684
track,She saw the trolley tracks.,She saw the moose tracks.,False,Polysemy,1.666666667,0.148312688,0.047146738
track,She saw the trolley tracks.,She saw the snowshoe tracks.,False,Polysemy,2.384615385,0.212822378,0.034026444
track,She saw the train tracks.,She saw the trolley tracks.,True,Polysemy,3.333333333,0.059133589,0.011585116
track,She saw the moose tracks.,She saw the snowshoe tracks.,True,Polysemy,3.777777778,0.091531277,0.022711694
yard,It was five yards.,They were big yards.,False,Homonymy,0.75,0.315510988,0.118784904
yard,It was five yards.,They were cluttered yards.,False,Homonymy,0.555555556,0.391850471,0.160174072
yard,It was ten yards.,They were big yards.,False,Homonymy,1.2,0.311127782,0.107001245
yard,It was ten yards.,They were cluttered yards.,False,Homonymy,0.416666667,0.387729406,0.144338369
yard,It was five yards.,It was ten yards.,True,Homonymy,4.0,0.009858191,0.005891144
yard,They were big yards.,They were cluttered yards.,True,Homonymy,3.230769231,0.162642956,0.064733982
